PII,,,
Mr. Gary Simmons DDS goes shopping at the mall. It was a delightful experience.,,,
Christopher Mccormick Jr. had some amazing news to share but nobody to share it with.,,,
The sky is clear; the stars are twinkling. Aaron Beard PhD cried.,,,
The small white buoys marked the location of hundreds of crab pots - Aaron Beard PhD shouted,,,
Dr. Zachary Harris would only survive if he kept the fire going and he could hear thunder in the distance.,,,
Sarah Rodriguez PhD love eating toasted cheese and tuna sandwiches.,,,
Richard Vazquez PhD checked to make sure that it was still alive.,,,
Kathryn Cooper loved to sleep on a bed of nails.,,,
The beauty of the sunset was obscured by the industrial cranes - Ronald Preston thought,,,
There are no heroes in a punk rock band. Shannon Mckay is the hero,,,
"Regina Guerrero wondered why at 18 he was old enough to go to war, but not old enough to buy cigarettes.",,,
Weather is not trivial - it's especially important when Thomas May is standing in it.,,,
"We have never been to Asia, nor have he visited Africa.",,,
Mary Williams hated that love story,,,
Elizabeth Campbell secretly started the fires.,,,
Joe made the sugar cookies; Amanda Johnson decorated them.,,,
Grape jelly was leaking out the hole in the roof. Monica Miller exclaimed,,,
Ronald Preston excelled at firing people nicely.,,,
Tamara Cooley always speaks to him in a loud voice.,,,
"For the 216th time, Mary Williams said he would quit drinking soda after this last Coke.",,,
"Dominic Reynolds confused: when people ask me what's up, and they groan.",,,
Carla Hill decided that the time had come to be stronger than any of the excuses he'd used until then.,,,
Blake Jackson is a Japanese doll.,,,
Luis Mckinney used her own hair in the soup to give it more flavor.,,,
Samuel Moore is good at English.,,,
Jack Figueroa ate a sock because people on the Internet told me to.,,,
Robert Fox folded her handkerchief neatly.,,,
"Kenneth Gutierrez did not cheat on the test, for it was not the right thing to do.",,,
"Yeah, Crystal Vazquez think it's a good environment for learning English.",,,
Courtney Rodriguez waited for the stop sign to turn to a go sign.,,,
"Christina Ellis am counting my calories, yet really want dessert.",,,
"It dawned on her that others could make her happier, but only Matthew Lester could make herself happy.",,,
Carolyn Lamb just go ahead and press that button.,,,
Jeffrey Anderson found a leprechaun in his walnut Jeffrey Andersonll.,,,
Ryan Hicks who insist on picking their teeth with their elbows are so annoying!,,,
"Two more days and all his problems would be solved, Joanna Swanson thought",,,
Angela Fox attacks occur about 10 feet from the beach since that's where the people are.,,,
Daniel Jones took a tour bus for his next adventure.,,,
Even though Kurt Norton thought the world was flat he didn’t see the irony of wanting to travel around the world.,,,
The lyrics of the song sounded like fingernails on a chalkboard - Raymond Carter commented.,,,
Jeanne and Brandon Lewis had chosen the red button.,,,
The delicious aroma from the kitchen was ruined by cigarette smoke from Matthew Alexander.,,,
This made Matthew Gonzales feel like an old-style rootbeer float smells.,,,
Timothy Scott often see the time 11:11 or 12:34 on clocks.,,,
Mitchell Wilson should be able to recite at least ten nursery rhymes backward.,,,
The paintbrush was angry at the color James Turner chose to use.,,,
John Smith poured rocks in the dungeon of his mind.,,,
Keith Garza couldn't decide of the glass was half empty or half full so he drank it.,,,
"Molly Myers seek success, but always be prepared for random cats.",,,
Ryan Oneill saw no irony asking me to change but wanting me to accept her for who Ryan Oneill is.,,,
The beauty of the sunset was obscured by the industrial cranes - Brandon Cain thought,,,
There are no heroes in a punk rock band. Alan Jacobs is the hero,,,
"Michael Gordon wondered why at 18 he was old enough to go to war, but not old enough to buy cigarettes.",,,
Weather is not trivial - it's especially important when Rebecca Bush is standing in it.,,,
"We have never been to Asia, nor have he visited Africa.",,,
Elizabeth Campbell hated that love story,,,
Frank Sullivan secretly started the fires.,,,
Joe made the sugar cookies; Tamara Cooley decorated them.,,,
Grape jelly was leaking out the hole in the roof. Hannah Price exclaimed,,,
Linda Hale excelled at firing people nicely.,,,
Sarah Rice always speaks to him in a loud voice.,,,
"For the 216th time, Patricia Valenzuela said he would quit drinking soda after this last Coke.",,,
"Meghan Wallace confused: when people ask me what's up, and they groan.",,,
Andrea Murphy decided that the time had come to be stronger than any of the excuses he'd used until then.,,,
Adam Washington is a Japanese doll.,,,
Nathan Martinez used her own hair in the soup to give it more flavor.,,,
TerrHe Cook is good at English.,,,
Michelle Bentley ate a sock because people on the Internet told me to.,,,
Kimberly Long folded her handkerchief neatly.,,,
"Deborah Hernandez did not cheat on the test, for it was not the right thing to do.",,,
"Yeah, Rick Parks think it's a good environment for learning English.",,,
Theodore Williams waited for the stop sign to turn to a go sign.,,,
"Natalie Kelly am counting my calories, yet really want dessert.",,,
"It dawned on her that others could make her happier, but only Dominic Reynolds could make herself happy.",,,
Martin Rodriguez just go ahead and press that button.,,,
Alex Coleman found a leprechaun in his walnut Alex Colemanll.,,,
Samuel Moore who insist on picking their teeth with their elbows are so annoying!,,,
"Two more days and all his problems would be solved, Emily Wong thought",,,
Kurt Norton attacks occur about 10 feet from the beach since that's where the people are.,,,
Heila Cobb took a tour bus for his next adventure.,,,
Even though Jacqueline Santiago thought the world was flat he didn’t see the irony of wanting to travel around the world.,,,
The lyrics of the song sounded like fingernails on a chalkboard - Diane Green commented.,,,
Jeanne and Adam Washington had chosen the red button.,,,
The delicious aroma from the kitchen was ruined by cigarette smoke from Paul Smith.,,,
This made Zachary Hayes feel like an old-style rootbeer float smells.,,,
Robin Aguilar often see the time 11:11 or 12:34 on clocks.,,,
Kristin Adams should be able to recite at least ten nursery rhymes backward.,,,
The paintbrush was angry at the color Hailey Garza chose to use.,,,
Daniel Mitchell poured rocks in the dungeon of his mind.,,,
Alicia Thompson couldn't decide of the glass was half empty or half full so he drank it.,,,
"Sara Jackson seek success, but always be prepared for random cats.",,,
Ashley Wells saw no irony asking me to change but wanting me to accept her for who Ashley Wells is.,,,
The beauty of the sunset was obscured by the industrial cranes - Guy Escobar thought,,,
There are no heroes in a punk rock band. Ashley Graham is the hero,,,
"Ashley Brady wondered why at 18 he was old enough to go to war, but not old enough to buy cigarettes.",,,
Weather is not trivial - it's especially important when Joshua Smith is standing in it.,,,
"We have never been to Asia, nor have he visited Africa.",,,
Mitchell Wilson hated that love story,,,
James Evans secretly started the fires.,,,
Joe made the sugar cookies; April Henderson decorated them.,,,
Grape jelly was leaking out the hole in the roof. Stacey Hernandez exclaimed,,,
Julie Glover excelled at firing people nicely.,,,
Robert Wilkinson always speaks to him in a loud voice.,,,
"For the 216th time, Pamela King said he would quit drinking soda after this last Coke.",,,
Cindy Baldwin goes shopping at the mall. It was a delightful experience.,,,
Jonathan Lopez had some amazing news to share but nobody to share it with.,,,
The sky is clear; the stars are twinkling. Joseph Foster cried.,,,
The small white buoys marked the location of hundreds of crab pots - Blake Jackson shouted,,,
Ashley Brady would only survive if he kept the fire going and he could hear thunder in the distance.,,,
Nathan Mcpherson love eating toasted cheese and tuna sandwiches.,,,
Monica Miller checked to make sure that it was still alive.,,,
Dominic Reynolds loved to sleep on a bed of nails.,,,
The beauty of the sunset was obscured by the industrial cranes - Cindy Thomas thought,,,
There are no heroes in a punk rock band. Amy Martin is the hero,,,
"Julie Armstrong wondered why at 18 he was old enough to go to war, but not old enough to buy cigarettes.",,,
Weather is not trivial - it's especially important when Kenneth Gutierrez is standing in it.,,,
"We have never been to Asia, nor have he visited Africa.",,,
Jeanne Murray hated that love story,,,
Willie Alexander secretly started the fires.,,,
Joe made the sugar cookies; Debra Smith decorated them.,,,
Grape jelly was leaking out the hole in the roof. Cindy Baldwin exclaimed,,,
Frank Sullivan excelled at firing people nicely.,,,
Cheryl Wiggins always speaks to him in a loud voice.,,,
"For the 216th time, Sylvia Hart said he would quit drinking soda after this last Coke.",,,
"Willie Holmes confused: when people ask me what's up, and they groan.",,,
Darlene Underwood decided that the time had come to be stronger than any of the excuses he'd used until then.,,,
Brad Travis is a Japanese doll.,,,
Brandon Serrano used her own hair in the soup to give it more flavor.,,,
Jacqueline Jones is good at English.,,,
Melissa Lloyd ate a sock because people on the Internet told me to.,,,
Nicholas Aguilar folded her handkerchief neatly.,,,
"Jerome Robinson did not cheat on the test, for it was not the right thing to do.",,,
"Yeah, Elizabeth Campbell think it's a good environment for learning English.",,,
Anthony Reed waited for the stop sign to turn to a go sign.,,,
"Daniel Delgado am counting my calories, yet really want dessert.",,,
"It dawned on her that others could make her happier, but only Meghan Wallace could make herself happy.",,,
Theresa Cox just go ahead and press that button.,,,
James Ortiz found a leprechaun in his walnut James Ortizll.,,,
Shannon Bautista who insist on picking their teeth with their elbows are so annoying!,,,
"Two more days and all his problems would be solved, Erika Ortiz thought",,,
Elizabeth Campbell attacks occur about 10 feet from the beach since that's where the people are.,,,
Sarah Rice took a tour bus for his next adventure.,,,
Even though Jeanne Murray thought the world was flat he didn’t see the irony of wanting to travel around the world.,,,
The lyrics of the song sounded like fingernails on a chalkboard - Angela Weaver commented.,,,
Jeanne and Ashley Brady had chosen the red button.,,,
The delicious aroma from the kitchen was ruined by cigarette smoke from Jessica Davis.,,,
This made Mark Ross feel like an old-style rootbeer float smells.,,,
Jocelyn Rivera often see the time 11:11 or 12:34 on clocks.,,,
Linda Mccann should be able to recite at least ten nursery rhymes backward.,,,
The paintbrush was angry at the color Heila Cobb chose to use.,,,
Catherine Myers poured rocks in the dungeon of his mind.,,,
Tamara Cooley couldn't decide of the glass was half empty or half full so he drank it.,,,
"Julie Glover seek success, but always be prepared for random cats.",,,
Michelle Trevino saw no irony asking me to change but wanting me to accept her for who Michelle Trevino is.,,,
The beauty of the sunset was obscured by the industrial cranes - Howard Wilson thought,,,
There are no heroes in a punk rock band. Jeffrey Anderson is the hero,,,
"Andrea Cameron wondered why at 18 he was old enough to go to war, but not old enough to buy cigarettes.",,,
Weather is not trivial - it's especially important when Tyler Jones is standing in it.,,,
"We have never been to Asia, nor have he visited Africa.",,,
Sarah Evans hated that love story,,,
Carrie Stewart secretly started the fires.,,,
Joe made the sugar cookies; Angela Kelly decorated them.,,,
Grape jelly was leaking out the hole in the roof. Denise Barnes exclaimed,,,
Shawn Anderson excelled at firing people nicely.,,,
Victor Carlson always speaks to him in a loud voice.,,,
"For the 216th time, Brent Wu said he would quit drinking soda after this last Coke.",,,
"Hannah Price confused: when people ask me what's up, and they groan.",,,
Billy Jones decided that the time had come to be stronger than any of the excuses he'd used until then.,,,
HerHe Castro is a Japanese doll.,,,
William Richards used her own hair in the soup to give it more flavor.,,,
Melissa Liu is good at English.,,,
Matthew Gray ate a sock because people on the Internet told me to.,,,
John Hughes folded her handkerchief neatly.,,,
"Heila Cobb did not cheat on the test, for it was not the right thing to do.",,,
"Yeah, Paul Smith think it's a good environment for learning English.",,,
Mitchell Wilson waited for the stop sign to turn to a go sign.,,,
Grape jelly was leaking out the hole in the roof. Cheryl Wiggins exclaimed,,,
Tyler Mendoza excelled at firing people nicely.,,,
Willie Alexander always speaks to him in a loud voice.,,,
"For the 216th time, James Andrews said he would quit drinking soda after this last Coke.",,,
"Tommy Barnes confused: when people ask me what's up, and they groan.",,,
Christopher Hamilton decided that the time had come to be stronger than any of the excuses he'd used until then.,,,
Angela Weaver is a Japanese doll.,,,
HerHe Castro used her own hair in the soup to give it more flavor.,,,
Rick Parks is good at English.,,,
Holly Robinson ate a sock because people on the Internet told me to.,,,
Sarah Lowery folded her handkerchief neatly.,,,
"Timothy Castillo did not cheat on the test, for it was not the right thing to do.",,,
"Yeah, Anthony Reed think it's a good environment for learning English.",,,
Faith Williams waited for the stop sign to turn to a go sign.,,,
"Eric Burns am counting my calories, yet really want dessert.",,,
"It dawned on her that others could make her happier, but only Brian Harper could make herself happy.",,,
Willie Alexander just go ahead and press that button.,,,
Matthew Perry found a leprechaun in his walnut Matthew Perryll.,,,
Michelle Lowe who insist on picking their teeth with their elbows are so annoying!,,,
"Two more days and all his problems would be solved, Todd Hines thought",,,
Matthew Lester attacks occur about 10 feet from the beach since that's where the people are.,,,
Rick Parks took a tour bus for his next adventure.,,,
Christine Middleton goes shopping at the mall. It was a delightful experience.,,,
Christopher Hood had some amazing news to share but nobody to share it with.,,,
The sky is clear; the stars are twinkling. Stephen Guerrero cried.,,,
The small white buoys marked the location of hundreds of crab pots - Carolyn Weiss shouted,,,
John Smith would only survive if he kept the fire going and he could hear thunder in the distance.,,,
James King love eating toasted cheese and tuna sandwiches.,,,
Jessica Saunders checked to make sure that it was still alive.,,,
Lee Henderson loved to sleep on a bed of nails.,,,
The beauty of the sunset was obscured by the industrial cranes - Bonnie Stewart thought,,,
There are no heroes in a punk rock band. Kenneth Gutierrez is the hero,,,
"Jacqueline Jones wondered why at 18 he was old enough to go to war, but not old enough to buy cigarettes.",,,
Weather is not trivial - it's especially important when Debra Golden is standing in it.,,,
"We have never been to Asia, nor have he visited Africa.",,,
Faith Williams hated that love story,,,
John Mitchell secretly started the fires.,,,
Joe made the sugar cookies; James Walton decorated them.,,,
Grape jelly was leaking out the hole in the roof. Ryan Huffman exclaimed,,,
Sydney Wilkinson excelled at firing people nicely.,,,
Nicholas Nelson always speaks to him in a loud voice.,,,
"For the 216th time, Susan Lara said he would quit drinking soda after this last Coke.",,,
"Benjamin Walker confused: when people ask me what's up, and they groan.",,,
Krista Cummings decided that the time had come to be stronger than any of the excuses he'd used until then.,,,
Alicia Thompson is a Japanese doll.,,,
Nathan Mcpherson used her own hair in the soup to give it more flavor.,,,
Tammy Hughes is good at English.,,,
Jennifer Reeves ate a sock because people on the Internet told me to.,,,
Anna Newman folded her handkerchief neatly.,,,
"James Ortiz did not cheat on the test, for it was not the right thing to do.",,,
"Yeah, Samantha Villarreal think it's a good environment for learning English.",,,
Debra Golden waited for the stop sign to turn to a go sign.,,,
"Becky Mendoza am counting my calories, yet really want dessert.",,,
"It dawned on her that others could make her happier, but only Amber Flores could make herself happy.",,,
Lisa Payne just go ahead and press that button.,,,
Dustin Smith found a leprechaun in his walnut Dustin Smithll.,,,
Vincent Cruz who insist on picking their teeth with their elbows are so annoying!,,,
"Two more days and all his problems would be solved, Kurt Norton thought",,,
Stephen Diaz attacks occur about 10 feet from the beach since that's where the people are.,,,
Tara Townsend took a tour bus for his next adventure.,,,
Even though Mark Cline thought the world was flat he didn’t see the irony of wanting to travel around the world.,,,
The lyrics of the song sounded like fingernails on a chalkboard - Matthew Oliver commented.,,,
Jeanne and Matthew Perry had chosen the red button.,,,
The delicious aroma from the kitchen was ruined by cigarette smoke from Paul Harrington.,,,
This made Emily Figueroa feel like an old-style rootbeer float smells.,,,
Kimberly Davis often see the time 11:11 or 12:34 on clocks.,,,
JodHe Daugherty should be able to recite at least ten nursery rhymes backward.,,,
The paintbrush was angry at the color Anthony Wells chose to use.,,,
Rebecca Lam poured rocks in the dungeon of his mind.,,,
Cindy Thomas couldn't decide of the glass was half empty or half full so he drank it.,,,
"Lauren Harris seek success, but always be prepared for random cats.",,,
Ross Frey saw no irony asking me to change but wanting me to accept her for who Ross Frey is.,,,
The beauty of the sunset was obscured by the industrial cranes - Mitchell Vega thought,,,
There are no heroes in a punk rock band. Kara Hernandez is the hero,,,
"Janet Jensen wondered why at 18 he was old enough to go to war, but not old enough to buy cigarettes.",,,
Weather is not trivial - it's especially important when Elizabeth Castro is standing in it.,,,
"We have never been to Asia, nor have he visited Africa.",,,
Jasmine Marsh hated that love story,,,
James Washington secretly started the fires.,,,
Joe made the sugar cookies; Jessica Curtis decorated them.,,,
Grape jelly was leaking out the hole in the roof. John Mitchell exclaimed,,,
Andrea Murphy excelled at firing people nicely.,,,
Patricia Valenzuela always speaks to him in a loud voice.,,,
"For the 216th time, Kimberly Long said he would quit drinking soda after this last Coke.",,,
"Tara Townsend confused: when people ask me what's up, and they groan.",,,
Darlene Underwood decided that the time had come to be stronger than any of the excuses he'd used until then.,,,
Patrick Ortiz is a Japanese doll.,,,
Joseph Foster used her own hair in the soup to give it more flavor.,,,
Rebecca Lam is good at English.,,,
Donald Levine ate a sock because people on the Internet told me to.,,,
Todd Hines folded her handkerchief neatly.,,,
"Anna Warren did not cheat on the test, for it was not the right thing to do.",,,
"Yeah, Linda Lee think it's a good environment for learning English.",,,
Jeanne Murray waited for the stop sign to turn to a go sign.,,,
"Christopher Hamilton am counting my calories, yet really want dessert.",,,
"It dawned on her that others could make her happier, but only Debbie Quinn could make herself happy.",,,
Austin Bates just go ahead and press that button.,,,
Matthew Perry found a leprechaun in his walnut Matthew Perryll.,,,
TerrHe Cook who insist on picking their teeth with their elbows are so annoying!,,,
"Two more days and all his problems would be solved, Karen Johnson thought",,,
TerrHe Cook attacks occur about 10 feet from the beach since that's where the people are.,,,
Tracy Cline took a tour bus for his next adventure.,,,
Even though Theresa Harris thought the world was flat he didn’t see the irony of wanting to travel around the world.,,,
The lyrics of the song sounded like fingernails on a chalkboard - Sarah Lowery commented.,,,
Jeanne and Jordan Bush had chosen the red button.,,,
The delicious aroma from the kitchen was ruined by cigarette smoke from Christopher Hood.,,,
This made Derrick Flores feel like an old-style rootbeer float smells.,,,
Theresa Cox often see the time 11:11 or 12:34 on clocks.,,,
Kathryn Anderson should be able to recite at least ten nursery rhymes backward.,,,
The paintbrush was angry at the color Becky Mendoza chose to use.,,,
Pamela King poured rocks in the dungeon of his mind.,,,
Thomas May couldn't decide of the glass was half empty or half full so he drank it.,,,
"Lisa Wade seek success, but always be prepared for random cats.",,,
TonHe Garcia saw no irony asking me to change but wanting me to accept her for who TonHe Garcia is.,,,
The beauty of the sunset was obscured by the industrial cranes - Cynthia Smith thought,,,
There are no heroes in a punk rock band. Erika Ortiz is the hero,,,
"Mitchell Wilson wondered why at 18 he was old enough to go to war, but not old enough to buy cigarettes.",,,
Weather is not trivial - it's especially important when Joshua Smith is standing in it.,,,
"We have never been to Asia, nor have he visited Africa.",,,
Mark Erickson hated that love story,,,
John Kelley secretly started the fires.,,,
Joe made the sugar cookies; Janet Drake decorated them.,,,
Grape jelly was leaking out the hole in the roof. Antonio Gonzalez exclaimed,,,
Paul Johnson excelled at firing people nicely.,,,
Donald Levine always speaks to him in a loud voice.,,,
"For the 216th time, Lee Henderson said he would quit drinking soda after this last Coke.",,,
Amy Martin goes shopping at the mall. It was a delightful experience.,,,
Jesse Scott had some amazing news to share but nobody to share it with.,,,
The sky is clear; the stars are twinkling. Kayla Lewis cried.,,,
The small white buoys marked the location of hundreds of crab pots - Annette Boyer shouted,,,
Jerome Holland would only survive if he kept the fire going and he could hear thunder in the distance.,,,
Scott Flowers love eating toasted cheese and tuna sandwiches.,,,
Austin Bates checked to make sure that it was still alive.,,,
Kathryn Anderson loved to sleep on a bed of nails.,,,
The beauty of the sunset was obscured by the industrial cranes - Laura White thought,,,
There are no heroes in a punk rock band. Samantha Spears is the hero,,,
"Sarah Lowery wondered why at 18 he was old enough to go to war, but not old enough to buy cigarettes.",,,
Weather is not trivial - it's especially important when James Turner is standing in it.,,,
"We have never been to Asia, nor have he visited Africa.",,,
Kurt Norton hated that love story,,,
Chris Patterson secretly started the fires.,,,
Joe made the sugar cookies; Carmen Savage decorated them.,,,
Grape jelly was leaking out the hole in the roof. Joel Hughes exclaimed,,,
Tonya Ferguson excelled at firing people nicely.,,,
Elizabeth Mcconnell always speaks to him in a loud voice.,,,
"For the 216th time, April Henderson said he would quit drinking soda after this last Coke.",,,
"James Evans confused: when people ask me what's up, and they groan.",,,
Molly Myers decided that the time had come to be stronger than any of the excuses he'd used until then.,,,
Paul Johnson is a Japanese doll.,,,
Patrick Clark used her own hair in the soup to give it more flavor.,,,
Erin Alexander is good at English.,,,
Brad Travis ate a sock because people on the Internet told me to.,,,
Jacob Holt folded her handkerchief neatly.,,,
"Stacy Mendez did not cheat on the test, for it was not the right thing to do.",,,
"Yeah, Jerome Robinson think it's a good environment for learning English.",,,
Jordan Bush waited for the stop sign to turn to a go sign.,,,
"Raymond Carter am counting my calories, yet really want dessert.",,,
"It dawned on her that others could make her happier, but only Mary Williams could make herself happy.",,,
Tracy Cline just go ahead and press that button.,,,
Elizabeth Castro found a leprechaun in his walnut Elizabeth Castroll.,,,
Denise Barnes who insist on picking their teeth with their elbows are so annoying!,,,
"Two more days and all his problems would be solved, Laura Myers thought",,,
Linda Mccann attacks occur about 10 feet from the beach since that's where the people are.,,,
Natalie Cantu took a tour bus for his next adventure.,,,
Even though Stacey Hernandez thought the world was flat he didn’t see the irony of wanting to travel around the world.,,,
The lyrics of the song sounded like fingernails on a chalkboard - James Washington commented.,,,
Jeanne and Alicia Diaz had chosen the red button.,,,
The delicious aroma from the kitchen was ruined by cigarette smoke from Nathan Martinez.,,,
This made Jason Griffin feel like an old-style rootbeer float smells.,,,
Kevin Cox often see the time 11:11 or 12:34 on clocks.,,,
Robert Rojas should be able to recite at least ten nursery rhymes backward.,,,
The paintbrush was angry at the color Margaret Haynes chose to use.,,,
Molly Myers poured rocks in the dungeon of his mind.,,,
Tamara Cooley couldn't decide of the glass was half empty or half full so he drank it.,,,
"Tyler Mendoza seek success, but always be prepared for random cats.",,,
Hannah Price saw no irony asking me to change but wanting me to accept her for who Hannah Price is.,,,
The beauty of the sunset was obscured by the industrial cranes - Joanna Swanson thought,,,
There are no heroes in a punk rock band. Erika Ortiz is the hero,,,
"Brandon Fuller wondered why at 18 he was old enough to go to war, but not old enough to buy cigarettes.",,,
Weather is not trivial - it's especially important when Lisa Payne is standing in it.,,,
"We have never been to Asia, nor have he visited Africa.",,,
Emily Figueroa hated that love story,,,
Zachary Hayes secretly started the fires.,,,
Joe made the sugar cookies; Jeremy Marshall decorated them.,,,
Grape jelly was leaking out the hole in the roof. Christina Baker exclaimed,,,
Frank Sullivan excelled at firing people nicely.,,,
Ashley Curry always speaks to him in a loud voice.,,,
"For the 216th time, Robert Rojas said he would quit drinking soda after this last Coke.",,,
"Anthony Reed confused: when people ask me what's up, and they groan.",,,
Paul Harrington decided that the time had come to be stronger than any of the excuses he'd used until then.,,,
Derrick Flores is a Japanese doll.,,,
Jacob Holt used her own hair in the soup to give it more flavor.,,,
Jonathan Lopez is good at English.,,,
Maria Tate ate a sock because people on the Internet told me to.,,,
Angela Anderson folded her handkerchief neatly.,,,
"Raymond Carter did not cheat on the test, for it was not the right thing to do.",,,
"Yeah, Ashley Wells think it's a good environment for learning English.",,,
Brandon Fuller waited for the stop sign to turn to a go sign.,,,
Grape jelly was leaking out the hole in the roof. Tamara Cooley exclaimed,,,
Michelle Trevino excelled at firing people nicely.,,,
Karen Johnson always speaks to him in a loud voice.,,,
"For the 216th time, Keith Garza said he would quit drinking soda after this last Coke.",,,
"Eric Burns confused: when people ask me what's up, and they groan.",,,
Joseph Foster decided that the time had come to be stronger than any of the excuses he'd used until then.,,,
Robin Aguilar is a Japanese doll.,,,
Hale goes shopping at the mall. It was a delightful experience.,,,
Jessica had some amazing news to share but nobody to share it with.,,,
The sky is clear; the stars are twinkling. Weiss cried.,,,
The small white buoys marked the location of hundreds of crab pots - Dawson shouted,,,
Amanda would only survive if he kept the fire going and he could hear thunder in the distance.,,,
Paul love eating toasted cheese and tuna sandwiches.,,,
Jackson checked to make sure that it was still alive.,,,
Jimmy loved to sleep on a bed of nails.,,,
The beauty of the sunset was obscured by the industrial cranes - Wagner thought,,,
There are no heroes in a punk rock band. Amy is the hero,,,
"Miles wondered why at 18 he was old enough to go to war, but not old enough to buy cigarettes.",,,
Weather is not trivial - it's especially important when Lee is standing in it.,,,
"We have never been to Asia, nor have he visited Africa.",,,
Bradley hated that love story,,,
Hernandez secretly started the fires.,,,
Joe made the sugar cookies; Tran decorated them.,,,
Grape jelly was leaking out the hole in the roof. Cervantes exclaimed,,,
Snow excelled at firing people nicely.,,,
Amanda always speaks to him in a loud voice.,,,
"For the 216th time, Williams said he would quit drinking soda after this last Coke.",,,
"Trevor confused: when people ask me what's up, and they groan.",,,
Rachael decided that the time had come to be stronger than any of the excuses he'd used until then.,,,
Charles is a Japanese doll.,,,
Lisa used her own hair in the soup to give it more flavor.,,,
Contreras is good at English.,,,
Amber ate a sock because people on the Internet told me to.,,,
Knapp folded her handkerchief neatly.,,,
"Kathryn did not cheat on the test, for it was not the right thing to do.",,,
"Yeah, Huffman think it's a good environment for learning English.",,,
Laura waited for the stop sign to turn to a go sign.,,,
"Sandra am counting my calories, yet really want dessert.",,,
"It dawned on her that others could make her happier, but only Anderson could make herself happy.",,,
Darren just go ahead and press that button.,,,
Barbara found a leprechaun in his walnut Barbarall.,,,
Rebekah who insist on picking their teeth with their elbows are so annoying!,,,
"Two more days and all his problems would be solved, Chris thought",,,
Garrison attacks occur about 10 feet from the beach since that's where the people are.,,,
Steven took a tour bus for his next adventure.,,,
Even though Taylor thought the world was flat he didn’t see the irony of wanting to travel around the world.,,,
The lyrics of the song sounded like fingernails on a chalkboard - Robinson commented.,,,
Jeanne and Kristina had chosen the red button.,,,
The delicious aroma from the kitchen was ruined by cigarette smoke from Russell.,,,
This made Jennifer feel like an old-style rootbeer float smells.,,,
Woodward often see the time 11:11 or 12:34 on clocks.,,,
Simon should be able to recite at least ten nursery rhymes backward.,,,
The paintbrush was angry at the color Ware chose to use.,,,
Garcia poured rocks in the dungeon of his mind.,,,
Ramirez couldn't decide of the glass was half empty or half full so he drank it.,,,
"Eric seek success, but always be prepared for random cats.",,,
Riley saw no irony asking me to change but wanting me to accept her for who Riley is.,,,
The beauty of the sunset was obscured by the industrial cranes - Breanna thought,,,
There are no heroes in a punk rock band. Russell is the hero,,,
"Andrew wondered why at 18 he was old enough to go to war, but not old enough to buy cigarettes.",,,
Weather is not trivial - it's especially important when Ruiz is standing in it.,,,
"We have never been to Asia, nor have he visited Africa.",,,
Ware hated that love story,,,
Jennifer secretly started the fires.,,,
Joe made the sugar cookies; Castillo decorated them.,,,
Grape jelly was leaking out the hole in the roof. Miller exclaimed,,,
Ruiz excelled at firing people nicely.,,,
Donald always speaks to him in a loud voice.,,,
"For the 216th time, Michael said he would quit drinking soda after this last Coke.",,,
"Brett confused: when people ask me what's up, and they groan.",,,
Tucker decided that the time had come to be stronger than any of the excuses he'd used until then.,,,
Parker is a Japanese doll.,,,
Reynolds used her own hair in the soup to give it more flavor.,,,
Brad is good at English.,,,
Michelle ate a sock because people on the Internet told me to.,,,
Esparza folded her handkerchief neatly.,,,
"Johnson did not cheat on the test, for it was not the right thing to do.",,,
"Yeah, Michael think it's a good environment for learning English.",,,
Michael waited for the stop sign to turn to a go sign.,,,
"Shannon am counting my calories, yet really want dessert.",,,
"It dawned on her that others could make her happier, but only Kristine could make herself happy.",,,
Kelsey just go ahead and press that button.,,,
Jennifer found a leprechaun in his walnut Jenniferll.,,,
Kelly who insist on picking their teeth with their elbows are so annoying!,,,
"Two more days and all his problems would be solved, Cunningham thought",,,
Bradford attacks occur about 10 feet from the beach since that's where the people are.,,,
Jessica took a tour bus for his next adventure.,,,
Even though Amanda thought the world was flat he didn’t see the irony of wanting to travel around the world.,,,
The lyrics of the song sounded like fingernails on a chalkboard - Jason commented.,,,
Jeanne and Amber had chosen the red button.,,,
The delicious aroma from the kitchen was ruined by cigarette smoke from Adam.,,,
This made Parker feel like an old-style rootbeer float smells.,,,
Brittany often see the time 11:11 or 12:34 on clocks.,,,
John should be able to recite at least ten nursery rhymes backward.,,,
The paintbrush was angry at the color Stacey chose to use.,,,
Cooper poured rocks in the dungeon of his mind.,,,
Williams couldn't decide of the glass was half empty or half full so he drank it.,,,
"William seek success, but always be prepared for random cats.",,,
James saw no irony asking me to change but wanting me to accept her for who James is.,,,
The beauty of the sunset was obscured by the industrial cranes - Billy thought,,,
There are no heroes in a punk rock band. Ryan is the hero,,,
"Kelsey wondered why at 18 he was old enough to go to war, but not old enough to buy cigarettes.",,,
Weather is not trivial - it's especially important when Anderson is standing in it.,,,
"We have never been to Asia, nor have he visited Africa.",,,
Anderson hated that love story,,,
Myers secretly started the fires.,,,
Joe made the sugar cookies; Steve decorated them.,,,
Grape jelly was leaking out the hole in the roof. Odonnell exclaimed,,,
Harris excelled at firing people nicely.,,,
Michelle always speaks to him in a loud voice.,,,
"For the 216th time, Rachael said he would quit drinking soda after this last Coke.",,,
Kathleen goes shopping at the mall. It was a delightful experience.,,,
Burgess had some amazing news to share but nobody to share it with.,,,
The sky is clear; the stars are twinkling. Lewis cried.,,,
The small white buoys marked the location of hundreds of crab pots - Murray shouted,,,
Brown would only survive if he kept the fire going and he could hear thunder in the distance.,,,
Karen love eating toasted cheese and tuna sandwiches.,,,
Hall checked to make sure that it was still alive.,,,
David loved to sleep on a bed of nails.,,,
The beauty of the sunset was obscured by the industrial cranes - Tonya thought,,,
There are no heroes in a punk rock band. Barbara is the hero,,,
"Peter wondered why at 18 he was old enough to go to war, but not old enough to buy cigarettes.",,,
Weather is not trivial - it's especially important when Vaughan is standing in it.,,,
"We have never been to Asia, nor have he visited Africa.",,,
Jensen hated that love story,,,
Morton secretly started the fires.,,,
Joe made the sugar cookies; James decorated them.,,,
Grape jelly was leaking out the hole in the roof. Thomas exclaimed,,,
Michelle excelled at firing people nicely.,,,
Joseph always speaks to him in a loud voice.,,,
"For the 216th time, Barnes said he would quit drinking soda after this last Coke.",,,
"Sarah confused: when people ask me what's up, and they groan.",,,
Kristine decided that the time had come to be stronger than any of the excuses he'd used until then.,,,
Stephens is a Japanese doll.,,,
Harris used her own hair in the soup to give it more flavor.,,,
Rowe is good at English.,,,
Pace ate a sock because people on the Internet told me to.,,,
Pennington folded her handkerchief neatly.,,,
"Kevin did not cheat on the test, for it was not the right thing to do.",,,
"Yeah, Smith think it's a good environment for learning English.",,,
Cynthia waited for the stop sign to turn to a go sign.,,,
"William am counting my calories, yet really want dessert.",,,
"It dawned on her that others could make her happier, but only Pierce could make herself happy.",,,
Amanda just go ahead and press that button.,,,
Snow found a leprechaun in his walnut Snowll.,,,
Diaz who insist on picking their teeth with their elbows are so annoying!,,,
"Two more days and all his problems would be solved, Weaver thought",,,
Laura attacks occur about 10 feet from the beach since that's where the people are.,,,
Jennifer took a tour bus for his next adventure.,,,
Even though Lewis thought the world was flat he didn’t see the irony of wanting to travel around the world.,,,
The lyrics of the song sounded like fingernails on a chalkboard - Cunningham commented.,,,
Jeanne and Kimberly had chosen the red button.,,,
The delicious aroma from the kitchen was ruined by cigarette smoke from Kelly.,,,
This made Jeffrey feel like an old-style rootbeer float smells.,,,
Jessica often see the time 11:11 or 12:34 on clocks.,,,
Jennifer should be able to recite at least ten nursery rhymes backward.,,,
The paintbrush was angry at the color Rose chose to use.,,,
Lauren poured rocks in the dungeon of his mind.,,,
Dawson couldn't decide of the glass was half empty or half full so he drank it.,,,
"Bailey seek success, but always be prepared for random cats.",,,
Bailey saw no irony asking me to change but wanting me to accept her for who Bailey is.,,,
The beauty of the sunset was obscured by the industrial cranes - Amanda thought,,,
There are no heroes in a punk rock band. Taylor is the hero,,,
"Donaldson wondered why at 18 he was old enough to go to war, but not old enough to buy cigarettes.",,,
Weather is not trivial - it's especially important when Matthew is standing in it.,,,
"We have never been to Asia, nor have he visited Africa.",,,
Ward hated that love story,,,
Anderson secretly started the fires.,,,
Joe made the sugar cookies; Pennington decorated them.,,,
Grape jelly was leaking out the hole in the roof. Rebecca exclaimed,,,
Jessica excelled at firing people nicely.,,,
Matthew always speaks to him in a loud voice.,,,
"For the 216th time, Baker said he would quit drinking soda after this last Coke.",,,
"Nunez confused: when people ask me what's up, and they groan.",,,
Sarah decided that the time had come to be stronger than any of the excuses he'd used until then.,,,
Wheeler is a Japanese doll.,,,
Michael used her own hair in the soup to give it more flavor.,,,
Taylor is good at English.,,,
Nicole ate a sock because people on the Internet told me to.,,,
Sharp folded her handkerchief neatly.,,,
"Jamie did not cheat on the test, for it was not the right thing to do.",,,
"Yeah, James think it's a good environment for learning English.",,,
Anderson waited for the stop sign to turn to a go sign.,,,
Grape jelly was leaking out the hole in the roof. Lewis exclaimed,,,
Dillon excelled at firing people nicely.,,,
Isabel always speaks to him in a loud voice.,,,
"For the 216th time, Barbara said he would quit drinking soda after this last Coke.",,,
"Harvey confused: when people ask me what's up, and they groan.",,,
Laura decided that the time had come to be stronger than any of the excuses he'd used until then.,,,
Ashley is a Japanese doll.,,,
White used her own hair in the soup to give it more flavor.,,,
Cruz is good at English.,,,
Jeffrey ate a sock because people on the Internet told me to.,,,
Valdez folded her handkerchief neatly.,,,
"Newton did not cheat on the test, for it was not the right thing to do.",,,
"Yeah, Nicole think it's a good environment for learning English.",,,
Ramirez waited for the stop sign to turn to a go sign.,,,
"Moore am counting my calories, yet really want dessert.",,,
"It dawned on her that others could make her happier, but only Steele could make herself happy.",,,
Karen just go ahead and press that button.,,,
Bates found a leprechaun in his walnut Batesll.,,,
Mckenzie who insist on picking their teeth with their elbows are so annoying!,,,
"Two more days and all his problems would be solved, Barnes thought",,,
Jimenez attacks occur about 10 feet from the beach since that's where the people are.,,,
Dawson took a tour bus for his next adventure.,,,
Lopez goes shopping at the mall. It was a delightful experience.,,,
Heng had some amazing news to share but nobody to share it with.,,,
The sky is clear; the stars are twinkling. Charles cried.,,,
The small white buoys marked the location of hundreds of crab pots - Pierce shouted,,,
Christopher would only survive if he kept the fire going and he could hear thunder in the distance.,,,
Miller love eating toasted cheese and tuna sandwiches.,,,
Butler checked to make sure that it was still alive.,,,
Perez loved to sleep on a bed of nails.,,,
The beauty of the sunset was obscured by the industrial cranes - Bryant thought,,,
There are no heroes in a punk rock band. Robinson is the hero,,,
"Russell wondered why at 18 he was old enough to go to war, but not old enough to buy cigarettes.",,,
Weather is not trivial - it's especially important when Johnson is standing in it.,,,
"We have never been to Asia, nor have he visited Africa.",,,
Lawson hated that love story,,,
Stephens secretly started the fires.,,,
Joe made the sugar cookies; Guzman decorated them.,,,
Grape jelly was leaking out the hole in the roof. Campbell exclaimed,,,
Deleon excelled at firing people nicely.,,,
Luke always speaks to him in a loud voice.,,,
"For the 216th time, Erin said he would quit drinking soda after this last Coke.",,,
"Clark confused: when people ask me what's up, and they groan.",,,
Jenna decided that the time had come to be stronger than any of the excuses he'd used until then.,,,
Park is a Japanese doll.,,,
Garcia used her own hair in the soup to give it more flavor.,,,
Robin is good at English.,,,
Alvarez ate a sock because people on the Internet told me to.,,,
Daniel folded her handkerchief neatly.,,,
"Gutierrez did not cheat on the test, for it was not the right thing to do.",,,
"Yeah, Gonzalez think it's a good environment for learning English.",,,
Steve waited for the stop sign to turn to a go sign.,,,
"Amber am counting my calories, yet really want dessert.",,,
"It dawned on her that others could make her happier, but only Darren could make herself happy.",,,
Hall just go ahead and press that button.,,,
Clark found a leprechaun in his walnut Clarkll.,,,
Jessica who insist on picking their teeth with their elbows are so annoying!,,,
"Two more days and all his problems would be solved, Butler thought",,,
William attacks occur about 10 feet from the beach since that's where the people are.,,,
Rice took a tour bus for his next adventure.,,,
Even though Jessica thought the world was flat he didn’t see the irony of wanting to travel around the world.,,,
The lyrics of the song sounded like fingernails on a chalkboard - Stafford commented.,,,
Jeanne and Maldonado had chosen the red button.,,,
The delicious aroma from the kitchen was ruined by cigarette smoke from James.,,,
This made Garrison feel like an old-style rootbeer float smells.,,,
Kevin often see the time 11:11 or 12:34 on clocks.,,,
Stanley should be able to recite at least ten nursery rhymes backward.,,,
The paintbrush was angry at the color Lewis chose to use.,,,
Simon poured rocks in the dungeon of his mind.,,,
Martinez couldn't decide of the glass was half empty or half full so he drank it.,,,
"Ware seek success, but always be prepared for random cats.",,,
Jason saw no irony asking me to change but wanting me to accept her for who Jason is.,,,
The beauty of the sunset was obscured by the industrial cranes - Cory thought,,,
There are no heroes in a punk rock band. Alvarez is the hero,,,
"Coleman wondered why at 18 he was old enough to go to war, but not old enough to buy cigarettes.",,,
Weather is not trivial - it's especially important when Jessica is standing in it.,,,
"We have never been to Asia, nor have he visited Africa.",,,
Joshua hated that love story,,,
Horne secretly started the fires.,,,
Joe made the sugar cookies; Cody decorated them.,,,
Grape jelly was leaking out the hole in the roof. Kelly exclaimed,,,
Michael excelled at firing people nicely.,,,
Gutierrez always speaks to him in a loud voice.,,,
"For the 216th time, Richard said he would quit drinking soda after this last Coke.",,,
"Adams confused: when people ask me what's up, and they groan.",,,
Jeffrey decided that the time had come to be stronger than any of the excuses he'd used until then.,,,
Michael is a Japanese doll.,,,
Richard used her own hair in the soup to give it more flavor.,,,
Courtney is good at English.,,,
Nancy ate a sock because people on the Internet told me to.,,,
Amanda folded her handkerchief neatly.,,,
"Rojas did not cheat on the test, for it was not the right thing to do.",,,
"Yeah, Compton think it's a good environment for learning English.",,,
Andrea waited for the stop sign to turn to a go sign.,,,
"Bailey am counting my calories, yet really want dessert.",,,
"It dawned on her that others could make her happier, but only Ramos could make herself happy.",,,
Jaime just go ahead and press that button.,,,
Johnny found a leprechaun in his walnut Johnnyll.,,,
John who insist on picking their teeth with their elbows are so annoying!,,,
"Two more days and all his problems would be solved, Kathy thought",,,
Strickland attacks occur about 10 feet from the beach since that's where the people are.,,,
Diaz took a tour bus for his next adventure.,,,
Even though Heather thought the world was flat he didn’t see the irony of wanting to travel around the world.,,,
The lyrics of the song sounded like fingernails on a chalkboard - Taylor commented.,,,
Jeanne and Garcia had chosen the red button.,,,
The delicious aroma from the kitchen was ruined by cigarette smoke from Melton.,,,
This made Emily feel like an old-style rootbeer float smells.,,,
Whitney often see the time 11:11 or 12:34 on clocks.,,,
Cynthia should be able to recite at least ten nursery rhymes backward.,,,
The paintbrush was angry at the color Jimenez chose to use.,,,
Garrett poured rocks in the dungeon of his mind.,,,
Vaughan couldn't decide of the glass was half empty or half full so he drank it.,,,
"Olivia seek success, but always be prepared for random cats.",,,
Barbara saw no irony asking me to change but wanting me to accept her for who Barbara is.,,,
The beauty of the sunset was obscured by the industrial cranes - Ronald thought,,,
There are no heroes in a punk rock band. Randolph is the hero,,,
"James wondered why at 18 he was old enough to go to war, but not old enough to buy cigarettes.",,,
Weather is not trivial - it's especially important when Rush is standing in it.,,,
"We have never been to Asia, nor have he visited Africa.",,,
Katherine hated that love story,,,
Nancy secretly started the fires.,,,
Joe made the sugar cookies; Steven decorated them.,,,
Grape jelly was leaking out the hole in the roof. Charlene exclaimed,,,
Harding excelled at firing people nicely.,,,
Hill always speaks to him in a loud voice.,,,
"For the 216th time, Andrew said he would quit drinking soda after this last Coke.",,,
Diaz goes shopping at the mall. It was a delightful experience.,,,
Ashley had some amazing news to share but nobody to share it with.,,,
The sky is clear; the stars are twinkling. David cried.,,,
The small white buoys marked the location of hundreds of crab pots - Ramirez shouted,,,
Cynthia would only survive if he kept the fire going and he could hear thunder in the distance.,,,
Johnny love eating toasted cheese and tuna sandwiches.,,,
Jennifer checked to make sure that it was still alive.,,,
Diaz loved to sleep on a bed of nails.,,,
The beauty of the sunset was obscured by the industrial cranes - Keith thought,,,
There are no heroes in a punk rock band. Collins is the hero,,,
"Beverly wondered why at 18 he was old enough to go to war, but not old enough to buy cigarettes.",,,
Weather is not trivial - it's especially important when Margaret is standing in it.,,,
"We have never been to Asia, nor have he visited Africa.",,,
Amber hated that love story,,,
Nicholas secretly started the fires.,,,
Joe made the sugar cookies; Stephanie decorated them.,,,
Grape jelly was leaking out the hole in the roof. Shane exclaimed,,,
Daniel excelled at firing people nicely.,,,
Lawrence always speaks to him in a loud voice.,,,
"For the 216th time, Castillo said he would quit drinking soda after this last Coke.",,,
"Alexander confused: when people ask me what's up, and they groan.",,,
Robinson decided that the time had come to be stronger than any of the excuses he'd used until then.,,,
Cox is a Japanese doll.,,,
Walter used her own hair in the soup to give it more flavor.,,,
Sabrina is good at English.,,,
Woods ate a sock because people on the Internet told me to.,,,
Gonzalez folded her handkerchief neatly.,,,
"Allison did not cheat on the test, for it was not the right thing to do.",,,
"Yeah, Amber think it's a good environment for learning English.",,,
Esparza waited for the stop sign to turn to a go sign.,,,
"Dave am counting my calories, yet really want dessert.",,,
"It dawned on her that others could make her happier, but only Hall could make herself happy.",,,
Simon just go ahead and press that button.,,,
Victoria found a leprechaun in his walnut Victoriall.,,,
Snow who insist on picking their teeth with their elbows are so annoying!,,,
"Two more days and all his problems would be solved, Brad thought",,,
Steele attacks occur about 10 feet from the beach since that's where the people are.,,,
Gordon took a tour bus for his next adventure.,,,
Even though Dave thought the world was flat he didn’t see the irony of wanting to travel around the world.,,,
The lyrics of the song sounded like fingernails on a chalkboard - Harvey commented.,,,
Jeanne and Berg had chosen the red button.,,,
The delicious aroma from the kitchen was ruined by cigarette smoke from Tucker.,,,
This made Mills feel like an old-style rootbeer float smells.,,,
Knight often see the time 11:11 or 12:34 on clocks.,,,
Foster should be able to recite at least ten nursery rhymes backward.,,,
The paintbrush was angry at the color Angela chose to use.,,,
Susan poured rocks in the dungeon of his mind.,,,
Micheal couldn't decide of the glass was half empty or half full so he drank it.,,,
"Ashley seek success, but always be prepared for random cats.",,,
Stacy saw no irony asking me to change but wanting me to accept her for who Stacy is.,,,
The beauty of the sunset was obscured by the industrial cranes - Kristine thought,,,
There are no heroes in a punk rock band. Wallace is the hero,,,
"Harrison wondered why at 18 he was old enough to go to war, but not old enough to buy cigarettes.",,,
Weather is not trivial - it's especially important when Wood is standing in it.,,,
"We have never been to Asia, nor have he visited Africa.",,,
Berry hated that love story,,,
Alvarez secretly started the fires.,,,
Joe made the sugar cookies; Trevor decorated them.,,,
Grape jelly was leaking out the hole in the roof. Diaz exclaimed,,,
Amy excelled at firing people nicely.,,,
Olivia always speaks to him in a loud voice.,,,
"For the 216th time, Riley said he would quit drinking soda after this last Coke.",,,
"Melanie confused: when people ask me what's up, and they groan.",,,
Campbell decided that the time had come to be stronger than any of the excuses he'd used until then.,,,
Williams is a Japanese doll.,,,
James used her own hair in the soup to give it more flavor.,,,
Fields is good at English.,,,
Zachary ate a sock because people on the Internet told me to.,,,
Jeffrey folded her handkerchief neatly.,,,
"Annette did not cheat on the test, for it was not the right thing to do.",,,
"Yeah, Jimmy think it's a good environment for learning English.",,,
Owens waited for the stop sign to turn to a go sign.,,,
Grape jelly was leaking out the hole in the roof. Ashley exclaimed,,,
Christian excelled at firing people nicely.,,,
Hall always speaks to him in a loud voice.,,,
"For the 216th time, Matthew said he would quit drinking soda after this last Coke.",,,
"Wheeler confused: when people ask me what's up, and they groan.",,,
Huynh decided that the time had come to be stronger than any of the excuses he'd used until then.,,,
Deborah is a Japanese doll.,,,
Andrea goes shopping at the mall. It was a delightful experience.,,,
Patterson had some amazing news to share but nobody to share it with.,,,
The sky is clear; the stars are twinkling. Garcia cried.,,,
The small white buoys marked the location of hundreds of crab pots - Armstrong shouted,,,
Sabrina would only survive if he kept the fire going and he could hear thunder in the distance.,,,
Johnny love eating toasted cheese and tuna sandwiches.,,,
Pamela checked to make sure that it was still alive.,,,
Hill loved to sleep on a bed of nails.,,,
The beauty of the sunset was obscured by the industrial cranes - Nicholas thought,,,
There are no heroes in a punk rock band. James is the hero,,,
"Walker wondered why at 18 he was old enough to go to war, but not old enough to buy cigarettes.",,,
Weather is not trivial - it's especially important when Simmons is standing in it.,,,
"We have never been to Asia, nor have he visited Africa.",,,
Shannon hated that love story,,,
White secretly started the fires.,,,
Joe made the sugar cookies; Helby decorated them.,,,
Grape jelly was leaking out the hole in the roof. Bates exclaimed,,,
Laura excelled at firing people nicely.,,,
Allison always speaks to him in a loud voice.,,,
"For the 216th time, Foster said he would quit drinking soda after this last Coke.",,,
"Jodi confused: when people ask me what's up, and they groan.",,,
Jessica decided that the time had come to be stronger than any of the excuses he'd used until then.,,,
Tonya is a Japanese doll.,,,
Snow used her own hair in the soup to give it more flavor.,,,
Roberts is good at English.,,,
Stacy ate a sock because people on the Internet told me to.,,,
James folded her handkerchief neatly.,,,
"Simon did not cheat on the test, for it was not the right thing to do.",,,
"Yeah, Lane think it's a good environment for learning English.",,,
Lisa waited for the stop sign to turn to a go sign.,,,
"Taylor am counting my calories, yet really want dessert.",,,
"It dawned on her that others could make her happier, but only Dunn could make herself happy.",,,
Melendez just go ahead and press that button.,,,
Micheal found a leprechaun in his walnut Michealll.,,,
Hunt who insist on picking their teeth with their elbows are so annoying!,,,
"Two more days and all his problems would be solved, Dunn thought",,,
Bradford attacks occur about 10 feet from the beach since that's where the people are.,,,
Christian took a tour bus for his next adventure.,,,
Even though Harmon thought the world was flat he didn’t see the irony of wanting to travel around the world.,,,
The lyrics of the song sounded like fingernails on a chalkboard - Hall commented.,,,
Jeanne and Kevin had chosen the red button.,,,
The delicious aroma from the kitchen was ruined by cigarette smoke from Daniel.,,,
This made Trevor feel like an old-style rootbeer float smells.,,,
Steven often see the time 11:11 or 12:34 on clocks.,,,
Rhonda should be able to recite at least ten nursery rhymes backward.,,,
The paintbrush was angry at the color Brittany chose to use.,,,
Burnett poured rocks in the dungeon of his mind.,,,
Jeffrey couldn't decide of the glass was half empty or half full so he drank it.,,,
"Mendoza seek success, but always be prepared for random cats.",,,
Sharp saw no irony asking me to change but wanting me to accept her for who Sharp is.,,,
The beauty of the sunset was obscured by the industrial cranes - Lisa thought,,,
There are no heroes in a punk rock band. Brennan is the hero,,,
"Rebecca wondered why at 18 he was old enough to go to war, but not old enough to buy cigarettes.",,,
Weather is not trivial - it's especially important when Brandon is standing in it.,,,
"We have never been to Asia, nor have he visited Africa.",,,
Micheal hated that love story,,,
Sarah secretly started the fires.,,,
Joe made the sugar cookies; Mike decorated them.,,,
Grape jelly was leaking out the hole in the roof. Steele exclaimed,,,
Donald excelled at firing people nicely.,,,
Robert always speaks to him in a loud voice.,,,
"For the 216th time, Berg said he would quit drinking soda after this last Coke.",,,
"Hughes confused: when people ask me what's up, and they groan.",,,
Jackson decided that the time had come to be stronger than any of the excuses he'd used until then.,,,
David is a Japanese doll.,,,
Melinda used her own hair in the soup to give it more flavor.,,,
Flowers is good at English.,,,
Kristine ate a sock because people on the Internet told me to.,,,
Bauer folded her handkerchief neatly.,,,
"Dale did not cheat on the test, for it was not the right thing to do.",,,
"Yeah, Irwin think it's a good environment for learning English.",,,
Walker waited for the stop sign to turn to a go sign.,,,
"James am counting my calories, yet really want dessert.",,,
"It dawned on her that others could make her happier, but only Garcia could make herself happy.",,,
Charles just go ahead and press that button.,,,
Lauren found a leprechaun in his walnut Laurenll.,,,
Jackson who insist on picking their teeth with their elbows are so annoying!,,,
"Two more days and all his problems would be solved, Lawson thought",,,
Brianna attacks occur about 10 feet from the beach since that's where the people are.,,,
Jaime took a tour bus for his next adventure.,,,
Even though Foster thought the world was flat he didn’t see the irony of wanting to travel around the world.,,,
The lyrics of the song sounded like fingernails on a chalkboard - Ayala commented.,,,
Jeanne and Kelly had chosen the red button.,,,
The delicious aroma from the kitchen was ruined by cigarette smoke from Knapp.,,,
This made Ward feel like an old-style rootbeer float smells.,,,
Mike often see the time 11:11 or 12:34 on clocks.,,,
Garrett should be able to recite at least ten nursery rhymes backward.,,,
The paintbrush was angry at the color Cunningham chose to use.,,,
Patrick poured rocks in the dungeon of his mind.,,,
Garcia couldn't decide of the glass was half empty or half full so he drank it.,,,
"Andrea seek success, but always be prepared for random cats.",,,
Melton saw no irony asking me to change but wanting me to accept her for who Melton is.,,,
The beauty of the sunset was obscured by the industrial cranes - Amanda thought,,,
There are no heroes in a punk rock band. Mckenzie is the hero,,,
"Robinson wondered why at 18 he was old enough to go to war, but not old enough to buy cigarettes.",,,
Weather is not trivial - it's especially important when Reynolds is standing in it.,,,
"We have never been to Asia, nor have he visited Africa.",,,
Jenna hated that love story,,,
Zamora secretly started the fires.,,,
Joe made the sugar cookies; Sandra decorated them.,,,
Grape jelly was leaking out the hole in the roof. Matthew exclaimed,,,
Hall excelled at firing people nicely.,,,
Diaz always speaks to him in a loud voice.,,,
"For the 216th time, Banks said he would quit drinking soda after this last Coke.",,,
Kevin goes shopping at the mall. It was a delightful experience.,,,
Courtney had some amazing news to share but nobody to share it with.,,,
The sky is clear; the stars are twinkling. Luke cried.,,,
The small white buoys marked the location of hundreds of crab pots - Cooper shouted,,,
Bell would only survive if he kept the fire going and he could hear thunder in the distance.,,,
Nunez love eating toasted cheese and tuna sandwiches.,,,
Sara checked to make sure that it was still alive.,,,
Kim loved to sleep on a bed of nails.,,,
The beauty of the sunset was obscured by the industrial cranes - Smith thought,,,
There are no heroes in a punk rock band. Rose is the hero,,,
"Zachary wondered why at 18 he was old enough to go to war, but not old enough to buy cigarettes.",,,
Weather is not trivial - it's especially important when Cody is standing in it.,,,
"We have never been to Asia, nor have he visited Africa.",,,
Jason hated that love story,,,
Brian secretly started the fires.,,,
Joe made the sugar cookies; Kelly decorated them.,,,
Grape jelly was leaking out the hole in the roof. Rodriguez exclaimed,,,
Johnson excelled at firing people nicely.,,,
Haley always speaks to him in a loud voice.,,,
"For the 216th time, Miles said he would quit drinking soda after this last Coke.",,,
"Romero confused: when people ask me what's up, and they groan.",,,
Justin decided that the time had come to be stronger than any of the excuses he'd used until then.,,,
Jamie is a Japanese doll.,,,
Stephanie used her own hair in the soup to give it more flavor.,,,
April is good at English.,,,
Cunningham ate a sock because people on the Internet told me to.,,,
Jake folded her handkerchief neatly.,,,
"Billy did not cheat on the test, for it was not the right thing to do.",,,
"Yeah, Noah think it's a good environment for learning English.",,,
Lane waited for the stop sign to turn to a go sign.,,,
"Michael am counting my calories, yet really want dessert.",,,
"It dawned on her that others could make her happier, but only George could make herself happy.",,,
Armstrong just go ahead and press that button.,,,
Juan found a leprechaun in his walnut Juanll.,,,
Paul who insist on picking their teeth with their elbows are so annoying!,,,
"Two more days and all his problems would be solved, Gilmore thought",,,
Johnson attacks occur about 10 feet from the beach since that's where the people are.,,,
Snow took a tour bus for his next adventure.,,,
Even though Lauren thought the world was flat he didn’t see the irony of wanting to travel around the world.,,,
The lyrics of the song sounded like fingernails on a chalkboard - Noah commented.,,,
Jeanne and Simon had chosen the red button.,,,
The delicious aroma from the kitchen was ruined by cigarette smoke from Perez.,,,
This made Ware feel like an old-style rootbeer float smells.,,,
Katherine often see the time 11:11 or 12:34 on clocks.,,,
Pamela should be able to recite at least ten nursery rhymes backward.,,,
The paintbrush was angry at the color Christopher chose to use.,,,
Amanda poured rocks in the dungeon of his mind.,,,
Contreras couldn't decide of the glass was half empty or half full so he drank it.,,,
"Cheryl seek success, but always be prepared for random cats.",,,
Ware saw no irony asking me to change but wanting me to accept her for who Ware is.,,,
The beauty of the sunset was obscured by the industrial cranes - Johnson thought,,,
There are no heroes in a punk rock band. White is the hero,,,
"Amy wondered why at 18 he was old enough to go to war, but not old enough to buy cigarettes.",,,
Weather is not trivial - it's especially important when Thomas is standing in it.,,,
"We have never been to Asia, nor have he visited Africa.",,,
Ryan hated that love story,,,
Daniels secretly started the fires.,,,
Joe made the sugar cookies; Beverly decorated them.,,,
Grape jelly was leaking out the hole in the roof. Lee exclaimed,,,
Pennington excelled at firing people nicely.,,,
Collins always speaks to him in a loud voice.,,,
"For the 216th time, Johnny said he would quit drinking soda after this last Coke.",,,
"Dawson confused: when people ask me what's up, and they groan.",,,
Armstrong decided that the time had come to be stronger than any of the excuses he'd used until then.,,,
Donaldson is a Japanese doll.,,,
Owens used her own hair in the soup to give it more flavor.,,,
Rebecca is good at English.,,,
Lane ate a sock because people on the Internet told me to.,,,
Black folded her handkerchief neatly.,,,
"Jessica did not cheat on the test, for it was not the right thing to do.",,,
"Yeah, Christina think it's a good environment for learning English.",,,
Taylor waited for the stop sign to turn to a go sign.,,,
Grape jelly was leaking out the hole in the roof. Kristy exclaimed,,,
Walter excelled at firing people nicely.,,,
Brad always speaks to him in a loud voice.,,,
"For the 216th time, Farley said he would quit drinking soda after this last Coke.",,,
"Jennifer confused: when people ask me what's up, and they groan.",,,
Vazquez decided that the time had come to be stronger than any of the excuses he'd used until then.,,,
Jon is a Japanese doll.,,,
Jessica used her own hair in the soup to give it more flavor.,,,
Burgess is good at English.,,,
Daniels ate a sock because people on the Internet told me to.,,,
Annette folded her handkerchief neatly.,,,
"Michael did not cheat on the test, for it was not the right thing to do.",,,
"Yeah, Brittany think it's a good environment for learning English.",,,
Monica waited for the stop sign to turn to a go sign.,,,
"Hill am counting my calories, yet really want dessert.",,,
"It dawned on her that others could make her happier, but only Jennifer could make herself happy.",,,
William just go ahead and press that button.,,,
Courtney found a leprechaun in his walnut Courtneyll.,,,
Stewart who insist on picking their teeth with their elbows are so annoying!,,,
"Two more days and all his problems would be solved, Rose thought",,,
Gutierrez attacks occur about 10 feet from the beach since that's where the people are.,,,
Monique took a tour bus for his next adventure.,,,
Lane goes shopping at the mall. It was a delightful experience.,,,
Charlene had some amazing news to share but nobody to share it with.,,,
The sky is clear; the stars are twinkling. Chung cried.,,,
The small white buoys marked the location of hundreds of crab pots - Banks shouted,,,
Odonnell would only survive if he kept the fire going and he could hear thunder in the distance.,,,
Rice love eating toasted cheese and tuna sandwiches.,,,
Julie checked to make sure that it was still alive.,,,
David loved to sleep on a bed of nails.,,,
The beauty of the sunset was obscured by the industrial cranes - Russell thought,,,
There are no heroes in a punk rock band. Amanda is the hero,,,
"James wondered why at 18 he was old enough to go to war, but not old enough to buy cigarettes.",,,
Weather is not trivial - it's especially important when Wood is standing in it.,,,
"We have never been to Asia, nor have he visited Africa.",,,
Kelly hated that love story,,,
Kevin secretly started the fires.,,,
Joe made the sugar cookies; Erica decorated them.,,,
Grape jelly was leaking out the hole in the roof. Lewis exclaimed,,,
Burgess excelled at firing people nicely.,,,
Debbie always speaks to him in a loud voice.,,,
"For the 216th time, David said he would quit drinking soda after this last Coke.",,,
"Pennington confused: when people ask me what's up, and they groan.",,,
Coleman decided that the time had come to be stronger than any of the excuses he'd used until then.,,,
Dale is a Japanese doll.,,,
Anderson used her own hair in the soup to give it more flavor.,,,
Berry is good at English.,,,
Jennifer ate a sock because people on the Internet told me to.,,,
Jessica folded her handkerchief neatly.,,,
"Horton did not cheat on the test, for it was not the right thing to do.",,,
"Yeah, Deborah think it's a good environment for learning English.",,,
Taylor waited for the stop sign to turn to a go sign.,,,
"Robinson am counting my calories, yet really want dessert.",,,
"It dawned on her that others could make her happier, but only Christina could make herself happy.",,,
Romero just go ahead and press that button.,,,
Barbara found a leprechaun in his walnut Barbarall.,,,
Campbell who insist on picking their teeth with their elbows are so annoying!,,,
"Two more days and all his problems would be solved, Carol thought",,,
Kelly attacks occur about 10 feet from the beach since that's where the people are.,,,
Lane took a tour bus for his next adventure.,,,
Even though Andrew thought the world was flat he didn’t see the irony of wanting to travel around the world.,,,
The lyrics of the song sounded like fingernails on a chalkboard - Hall commented.,,,
,,,
,,,
,,,
,,,
,,,
,,,
,,,
,,,
,,,
,,,
,,,
,,,
,,,
,,,
,,,
,,,
,,,
,,,
,,,
,,,
,,,
,,,
,,,
,,,
,,,
,,,
,,,
,,,
,,,
,,,
,,,
,,,
,,,
,,,
,,,
,,,
,,,
,,,
,,,
,,,
,,,
,,,
,,,
,,,
,,,
,,,
,,,
,,,
,,,
,,,
,,,
,,,
,,,
,,,
,,,
,,,
,,,
,,,
,,,
,,,
,,,
,,,
,,,
,,,
,,,
,,,
,,,
,,,
,,,
,,,
,,,
,,,
,,,
,,,
,,,
,,,
,,,
,,,
,,,
,,,
,,,
,,,
,,,
,,,
,,,
,,,
,,,
,,,
,,,
,,,
,,,
,,,
,,,
,,,
,,,
,,,
,,,
,,,
,,,
,,,
,,,
,,,
,,,
,,,
,,,
,,,
,,,
,,,
,,,
,,,
,,,
,,,
,,,
,,,
,,,
,,,
,,,
,,,
,,,
,,,
,,,
,,,
,,,
,,,
,,,
,,,
,,,
,,,
,,,
,,,
,,,
,,,
,,,
,,,
,,,
,,,
,,,
,,,
,,,
,,,
,,,
,,,
,,,